{"stats":{"minecraft:dropped":{"minecraft:cobblestone":1},"minecraft:killed":{"minecraft:pig":8,"minecraft:spider":3,"minecraft:skeleton":1,"minecraft:zombie":7,"minecraft:cow":4},"minecraft:used":{"minecraft:stone_pickaxe":198,"minecraft:wooden_pickaxe":40,"minecraft:torch":16,"minecraft:dirt":3,"minecraft:crafting_table":11,"minecraft:wooden_axe":4,"minecraft:grass_block":1,"minecraft:iron_axe":21,"minecraft:iron_pickaxe":95,"minecraft:stone_axe":57,"minecraft:cobblestone":113,"minecraft:furnace":6,"minecraft:cooked_porkchop":2,"minecraft:andesite":2,"minecraft:cooked_beef":4},"minecraft:picked_up":{"minecraft:crafting_table":10,"minecraft:andesite":6,"minecraft:leather":6,"minecraft:oak_log":21,"minecraft:shield":1,"minecraft:dirt":32,"minecraft:string":4,"minecraft:apple":2,"minecraft:beef":8,"minecraft:furnace":6,"minecraft:stick":8,"minecraft:raw_iron":38,"minecraft:torch":1,"minecraft:porkchop":14,"minecraft:diorite":5,"minecraft:grass_block":1,"minecraft:spider_eye":1,"minecraft:rotten_flesh":9,"minecraft:granite":2,"minecraft:oak_sapling":15,"minecraft:coal":81,"minecraft:cobblestone":168},"minecraft:custom":{"minecraft:interact_with_furnace":29,"minecraft:mob_kills":26,"minecraft:interact_with_crafting_table":29,"minecraft:leave_game":1,"minecraft:time_since_death":417,"minecraft:time_since_rest":612,"minecraft:sprint_one_cm":356918,"minecraft:damage_taken":3844,"minecraft:walk_one_cm":475388,"minecraft:drop":1,"minecraft:damage_dealt":3899,"minecraft:swim_one_cm":1063,"minecraft:fly_one_cm":124703,"minecraft:crouch_one_cm":11007,"minecraft:play_time":105765,"minecraft:deaths":13,"minecraft:sneak_time":4842,"minecraft:walk_under_water_one_cm":14721,"minecraft:jump":1186,"minecraft:walk_on_water_one_cm":16930,"minecraft:total_world_time":105765,"minecraft:fall_one_cm":23125},"minecraft:crafted":{"minecraft:cooked_beef":5,"minecraft:oak_planks":80,"minecraft:cooked_porkchop":9,"minecraft:crafting_table":2,"minecraft:wooden_pickaxe":2,"minecraft:furnace":1,"minecraft:bucket":1,"minecraft:stone_axe":1,"minecraft:iron_boots":1,"minecraft:iron_chestplate":1,"minecraft:iron_axe":1,"minecraft:stick":22,"minecraft:iron_ingot":23,"minecraft:iron_pickaxe":1,"minecraft:stone_pickaxe":2,"minecraft:wooden_axe":2,"minecraft:torch":42,"minecraft:shears":1},"minecraft:killed_by":{"minecraft:skeleton":6,"minecraft:spider":2,"minecraft:phantom":1,"minecraft:zombie":3},"minecraft:mined":{"minecraft:crafting_table":9,"minecraft:torch":1,"minecraft:granite":2,"minecraft:grass_block":3,"minecraft:tall_grass":1,"minecraft:cobblestone":3,"minecraft:diorite":5,"minecraft:furnace":5,"minecraft:iron_ore":36,"minecraft:andesite":7,"minecraft:grass":2,"minecraft:coal_ore":82,"minecraft:oak_log":21,"minecraft:deepslate_iron_ore":4,"minecraft:dirt":7,"minecraft:stone":175,"minecraft:oak_leaves":1}},"DataVersion":3465}