{"stats":{"minecraft:killed_by":{"minecraft:stray":3},"minecraft:picked_up":{"alexsmobs:maggot":7,"minecraft:rabbit":1,"minecraft:cod":3,"minecraft:dirt":1},"minecraft:killed":{"alexsmobs:fly":4,"minecraft:polar_bear":2},"minecraft:mined":{"minecraft:grass":1,"minecraft:grass_block":1},"minecraft:custom":{"minecraft:time_since_rest":1367,"minecraft:crouch_one_cm":54,"minecraft:sprint_one_cm":70712,"minecraft:play_time":16636,"minecraft:damage_taken":2280,"minecraft:deaths":7,"minecraft:walk_one_cm":28949,"minecraft:sneak_time":32,"minecraft:walk_under_water_one_cm":1950,"minecraft:mob_kills":7,"minecraft:jump":596,"minecraft:damage_dealt":841,"minecraft:leave_game":4,"minecraft:walk_on_water_one_cm":1926,"minecraft:time_since_death":1339,"minecraft:total_world_time":16636,"minecraft:swim_one_cm":262,"minecraft:fall_one_cm":37697,"minecraft:fly_one_cm":115513},"minecraft:used":{"alexsmobs:maggot":3,"minecraft:dirt":1,"minecraft:rabbit":1,"minecraft:cod":3}},"DataVersion":3465}