{"stats":{"minecraft:picked_up":{"minecraft:glowstone_dust":2,"minecraft:redstone":2},"minecraft:killed":{"minecraft:pig":1,"minecraft:witch":1,"minecraft:zombie":2,"alexsmobs:blue_jay":1},"minecraft:custom":{"minecraft:jump":232,"minecraft:time_since_rest":51689,"minecraft:leave_game":1,"minecraft:damage_dealt":941,"minecraft:crouch_one_cm":378,"minecraft:sprint_one_cm":21371,"minecraft:play_time":51689,"minecraft:time_since_death":51689,"minecraft:walk_one_cm":12793,"minecraft:sneak_time":235,"minecraft:total_world_time":51689,"minecraft:mob_kills":5,"minecraft:fly_one_cm":289542},"minecraft:used":{"alexsmobs:animal_dictionary":1,"minecraft:netherite_sword":9,"minecraft:grass_block":24}},"DataVersion":3465}