{"stats":{"minecraft:picked_up":{"minecraft:glowstone_dust":2,"minecraft:redstone":2},"minecraft:killed":{"minecraft:skeleton":2,"alexsmobs:blue_jay":1,"minecraft:zombie":3,"minecraft:pig":1,"minecraft:witch":1},"minecraft:custom":{"minecraft:time_since_rest":66474,"minecraft:crouch_one_cm":451,"minecraft:sprint_one_cm":35980,"minecraft:play_time":66474,"minecraft:walk_one_cm":22108,"minecraft:sneak_time":305,"minecraft:mob_kills":8,"minecraft:jump":337,"minecraft:damage_dealt":1083,"minecraft:leave_game":2,"minecraft:time_since_death":66474,"minecraft:total_world_time":66474,"minecraft:damage_dealt_absorbed":80,"minecraft:fly_one_cm":314661,"minecraft:player_kills":1},"minecraft:used":{"minecraft:netherite_sword":11,"minecraft:bow":14,"minecraft:grass_block":24,"alexsmobs:animal_dictionary":1}},"DataVersion":3465}