{"stats":{"minecraft:killed":{"minecraft:zombie":1},"minecraft:used":{"minecraft:dirt":1,"minecraft:crafting_table":1},"minecraft:crafted":{"minecraft:acacia_planks":12,"minecraft:crafting_table":1,"minecraft:stick":4,"minecraft:wooden_axe":1},"minecraft:custom":{"minecraft:time_since_rest":18501,"minecraft:play_time":75213,"minecraft:crouch_one_cm":17,"minecraft:sprint_one_cm":37386,"minecraft:walk_one_cm":14668,"minecraft:damage_taken":2355,"minecraft:deaths":8,"minecraft:sneak_time":33,"minecraft:walk_under_water_one_cm":4409,"minecraft:mob_kills":1,"minecraft:jump":408,"minecraft:damage_dealt":325,"minecraft:leave_game":1,"minecraft:time_since_death":18074,"minecraft:walk_on_water_one_cm":2917,"minecraft:total_world_time":75213,"minecraft:damage_dealt_absorbed":39,"minecraft:swim_one_cm":20072,"minecraft:interact_with_crafting_table":3,"minecraft:fall_one_cm":15404,"minecraft:fly_one_cm":90049},"minecraft:picked_up":{"minecraft:rotten_flesh":2,"minecraft:wheat_seeds":3,"minecraft:acacia_log":3,"minecraft:iron_ingot":1,"minecraft:dirt":1},"minecraft:mined":{"minecraft:grass":17,"minecraft:acacia_log":3,"minecraft:grass_block":1,"minecraft:tall_grass":1},"minecraft:killed_by":{"creeperoverhaul:savannah_creeper":1,"alexsmobs:cachalot_whale":2,"minecraft:skeleton":2,"minecraft:spider":1,"minecraft:witch":1,"minecraft:zombie":1}},"DataVersion":3465}