{"stats":{"minecraft:used":{"alexsmobs:maggot":3,"minecraft:dirt":1,"minecraft:rabbit":1,"minecraft:cod":3},"minecraft:picked_up":{"minecraft:music_disc_stal":1,"alexsmobs:maggot":7,"minecraft:rabbit":1,"minecraft:white_wool":1,"minecraft:cod":3,"minecraft:dirt":1},"minecraft:mined":{"minecraft:grass":1,"minecraft:grass_block":1},"minecraft:custom":{"minecraft:time_since_rest":3449,"minecraft:crouch_one_cm":54,"minecraft:sprint_one_cm":71697,"minecraft:play_time":18718,"minecraft:damage_taken":2280,"minecraft:deaths":7,"minecraft:walk_one_cm":29779,"minecraft:sneak_time":235,"minecraft:walk_under_water_one_cm":1950,"minecraft:mob_kills":7,"minecraft:jump":609,"minecraft:damage_dealt":841,"minecraft:leave_game":5,"minecraft:walk_on_water_one_cm":1926,"minecraft:time_since_death":3421,"minecraft:total_world_time":18718,"minecraft:swim_one_cm":262,"minecraft:fall_one_cm":38173,"minecraft:fly_one_cm":223654},"minecraft:killed_by":{"minecraft:stray":3},"minecraft:killed":{"alexsmobs:fly":4,"minecraft:polar_bear":2}},"DataVersion":3465}