{"stats":{"minecraft:used":{"alexsmobs:animal_dictionary":1},"minecraft:mined":{"minecraft:grass":2},"minecraft:custom":{"minecraft:jump":63,"minecraft:time_since_rest":5395,"minecraft:damage_dealt":150,"minecraft:damage_taken":535,"minecraft:leave_game":3,"minecraft:crouch_one_cm":169,"minecraft:time_since_death":5364,"minecraft:play_time":9813,"minecraft:sprint_one_cm":13399,"minecraft:walk_one_cm":10979,"minecraft:walk_on_water_one_cm":3328,"minecraft:deaths":2,"minecraft:sneak_time":53,"minecraft:total_world_time":9813,"minecraft:damage_dealt_absorbed":47,"minecraft:fall_one_cm":478,"minecraft:fly_one_cm":13321},"minecraft:killed_by":{"minecraft:skeleton":2}},"DataVersion":3465}