{"stats":{"minecraft:picked_up":{"minecraft:glowstone_dust":2,"minecraft:redstone":2},"minecraft:killed":{"minecraft:skeleton":2,"alexsmobs:blue_jay":1,"minecraft:zombie":4,"minecraft:pig":1,"minecraft:witch":1,"alexsmobs:flying_fish":1},"minecraft:custom":{"minecraft:time_since_rest":79372,"minecraft:crouch_one_cm":457,"minecraft:sprint_one_cm":47389,"minecraft:play_time":79372,"minecraft:walk_one_cm":28928,"minecraft:sneak_time":360,"minecraft:mob_kills":10,"minecraft:jump":452,"minecraft:damage_dealt":1083,"minecraft:leave_game":4,"minecraft:time_since_death":79372,"minecraft:total_world_time":79372,"minecraft:damage_dealt_absorbed":80,"minecraft:fly_one_cm":365819,"minecraft:player_kills":1},"minecraft:used":{"minecraft:netherite_sword":11,"minecraft:bow":18,"minecraft:grass_block":24,"alexsmobs:animal_dictionary":1}},"DataVersion":3465}