{"stats":{"minecraft:mined":{"minecraft:grass":2,"minecraft:sand":1},"minecraft:picked_up":{"minecraft:sand":1},"minecraft:killed_by":{"minecraft:skeleton":2,"minecraft:zombie":1},"minecraft:used":{"minecraft:sand":1,"alexsmobs:animal_dictionary":1},"minecraft:custom":{"minecraft:time_since_rest":10045,"minecraft:crouch_one_cm":169,"minecraft:sprint_one_cm":14997,"minecraft:play_time":25457,"minecraft:deaths":3,"minecraft:damage_taken":760,"minecraft:walk_one_cm":11452,"minecraft:sneak_time":53,"minecraft:walk_under_water_one_cm":2399,"minecraft:jump":82,"minecraft:damage_dealt":150,"minecraft:leave_game":5,"minecraft:walk_on_water_one_cm":4646,"minecraft:time_since_death":6520,"minecraft:total_world_time":25457,"minecraft:damage_dealt_absorbed":47,"minecraft:fall_one_cm":687,"minecraft:fly_one_cm":17453}},"DataVersion":3465}