{"stats":{"minecraft:mined":{"minecraft:tall_grass":1},"minecraft:dropped":{"minecraft:spider_eye":1,"minecraft:string":2,"minecraft:grass_block":65},"minecraft:picked_up":{"minecraft:leather_leggings":1,"sophisticatedbackpacks:backpack":1,"minecraft:glowstone_dust":2,"minecraft:redstone":2,"minecraft:spider_eye":1,"minecraft:string":2},"minecraft:killed":{"minecraft:skeleton":7,"minecraft:spider":2,"alexsmobs:blue_jay":1,"minecraft:zombie":5,"minecraft:pig":1,"minecraft:witch":1,"minecraft:creeper":3,"alexsmobs:flying_fish":1},"minecraft:custom":{"minecraft:time_since_rest":15935,"minecraft:play_time":107907,"minecraft:crouch_one_cm":814,"minecraft:sprint_one_cm":93742,"minecraft:damage_taken":450,"minecraft:walk_one_cm":60821,"minecraft:deaths":1,"minecraft:sneak_time":690,"minecraft:walk_under_water_one_cm":4327,"minecraft:mob_kills":21,"minecraft:drop":5,"minecraft:jump":828,"minecraft:damage_dealt":1303,"minecraft:leave_game":7,"minecraft:time_since_death":15899,"minecraft:walk_on_water_one_cm":383,"minecraft:total_world_time":107907,"minecraft:damage_dealt_absorbed":80,"minecraft:fly_one_cm":680815,"minecraft:fall_one_cm":5110,"minecraft:player_kills":2},"minecraft:used":{"minecraft:netherite_sword":11,"minecraft:bow":87,"minecraft:emerald_block":1,"minecraft:grass_block":74,"alexsmobs:animal_dictionary":1}},"DataVersion":3465}