{"stats":{"minecraft:picked_up":{"minecraft:leather_leggings":1,"sophisticatedbackpacks:backpack":1,"minecraft:gravel":1,"minecraft:oak_log":2,"minecraft:gunpowder":1,"minecraft:redstone":2,"minecraft:string":4,"minecraft:spider_eye":1,"minecraft:arrow":2,"minecraft:bone":2,"minecraft:rotten_flesh":8,"minecraft:wheat_seeds":22,"minecraft:glowstone_dust":2,"minecraft:oak_sapling":4},"minecraft:used":{"minecraft:netherite_sword":18,"minecraft:grass_block":414,"minecraft:bow":87,"minecraft:emerald_block":2,"alexsmobs:animal_dictionary":1},"minecraft:dropped":{"minecraft:furnace":1,"minecraft:shield":1,"minecraft:oak_log":2,"minecraft:crafting_table":1,"minecraft:oak_sapling":4,"minecraft:spider_eye":1,"minecraft:string":2,"minecraft:grass_block":66},"minecraft:killed":{"minecraft:skeleton":7,"minecraft:zombie":8,"alexsmobs:blue_jay":1,"minecraft:pig":1,"minecraft:witch":1,"minecraft:spider":4,"alexsmobs:flying_fish":1,"minecraft:creeper":5},"minecraft:custom":{"minecraft:time_since_rest":137627,"minecraft:sprint_one_cm":171494,"minecraft:walk_one_cm":174803,"minecraft:damage_taken":450,"minecraft:mob_kills":28,"minecraft:drop":15,"minecraft:damage_dealt":2632,"minecraft:damage_dealt_absorbed":80,"minecraft:fly_one_cm":1465894,"minecraft:player_kills":2,"minecraft:crouch_one_cm":2457,"minecraft:play_time":229599,"minecraft:deaths":1,"minecraft:sneak_time":3222,"minecraft:walk_under_water_one_cm":4427,"minecraft:jump":1697,"minecraft:leave_game":10,"minecraft:walk_on_water_one_cm":936,"minecraft:time_since_death":137591,"minecraft:total_world_time":229599,"minecraft:fall_one_cm":5110},"minecraft:mined":{"minecraft:tall_grass":1}},"DataVersion":3465}