{"stats":{"minecraft:killed_by":{"minecraft:skeleton":2},"minecraft:custom":{"minecraft:jump":53,"minecraft:deaths":2,"minecraft:time_since_rest":109,"minecraft:walk_on_water_one_cm":3126,"minecraft:damage_taken":510,"minecraft:damage_dealt":150,"minecraft:crouch_one_cm":169,"minecraft:sprint_one_cm":10372,"minecraft:leave_game":2,"minecraft:play_time":4527,"minecraft:time_since_death":78,"minecraft:walk_one_cm":9776,"minecraft:sneak_time":53,"minecraft:total_world_time":4527,"minecraft:damage_dealt_absorbed":47,"minecraft:fall_one_cm":478,"minecraft:fly_one_cm":10083},"minecraft:used":{"alexsmobs:animal_dictionary":1},"minecraft:mined":{"minecraft:grass":2}},"DataVersion":3465}