{"stats":{"minecraft:killed_by":{"minecraft:zombie":1,"minecraft:player":1,"minecraft:skeleton":3},"minecraft:picked_up":{"minecraft:arrow":1,"minecraft:bone":2},"minecraft:custom":{"minecraft:jump":358,"minecraft:time_since_rest":5319,"minecraft:damage_dealt":42,"minecraft:walk_one_cm":52389,"minecraft:play_time":36114,"minecraft:sprint_one_cm":18237,"minecraft:damage_taken":1423,"minecraft:time_since_death":5272,"minecraft:deaths":5,"minecraft:total_world_time":36114,"minecraft:fall_one_cm":15981,"minecraft:fly_one_cm":32335}},"DataVersion":3465}