{"stats":{"minecraft:used":{"minecraft:grass_block":58},"minecraft:killed":{"minecraft:zombie":1,"minecraft:creeper":1},"minecraft:picked_up":{"minecraft:arrow":3,"minecraft:bone":5,"minecraft:rotten_flesh":1,"minecraft:wheat_seeds":1,"minecraft:grass_block":65,"minecraft:gunpowder":3,"minecraft:dirt":27},"minecraft:custom":{"minecraft:time_since_rest":2095,"minecraft:crouch_one_cm":145,"minecraft:sprint_one_cm":117269,"minecraft:play_time":61176,"minecraft:deaths":16,"minecraft:damage_taken":4283,"minecraft:walk_one_cm":110246,"minecraft:sneak_time":94,"minecraft:walk_under_water_one_cm":501,"minecraft:mob_kills":2,"minecraft:jump":1469,"minecraft:damage_dealt":237,"minecraft:leave_game":1,"minecraft:time_since_death":2058,"minecraft:walk_on_water_one_cm":6784,"minecraft:total_world_time":61176,"minecraft:swim_one_cm":13333,"minecraft:fall_one_cm":56375,"minecraft:fly_one_cm":268799},"minecraft:killed_by":{"minecraft:skeleton":4,"minecraft:spider":1,"minecraft:zombie":5,"minecraft:player":2,"alexsmobs:crocodile":1},"minecraft:mined":{"minecraft:grass":1,"minecraft:grass_block":12,"minecraft:dirt":1}},"DataVersion":3465}