{"stats":{"minecraft:picked_up":{"minecraft:seagrass":1,"minecraft:sand":20},"minecraft:custom":{"minecraft:time_since_rest":5663,"minecraft:crouch_one_cm":245,"minecraft:play_time":5663,"minecraft:sprint_one_cm":9388,"minecraft:damage_taken":40,"minecraft:walk_one_cm":3818,"minecraft:sneak_time":80,"minecraft:walk_under_water_one_cm":2149,"minecraft:mob_kills":1,"minecraft:drop":1,"minecraft:jump":113,"minecraft:damage_dealt":300,"minecraft:leave_game":1,"minecraft:time_since_death":5663,"minecraft:walk_on_water_one_cm":1064,"minecraft:total_world_time":5663,"minecraft:swim_one_cm":7031,"minecraft:fall_one_cm":3793,"minecraft:fly_one_cm":23684},"minecraft:mined":{"minecraft:grass":1,"minecraft:oak_log":1,"minecraft:sand":21},"minecraft:dropped":{"minecraft:seagrass":1},"minecraft:killed":{"minecraft:turtle":1}},"DataVersion":3465}