{"stats":{"minecraft:crafted":{"minecraft:crafting_table":1,"minecraft:stick":4,"minecraft:wooden_axe":1,"minecraft:acacia_planks":16},"minecraft:picked_up":{"minecraft:stick":5,"alexsmobs:acacia_blossom":2,"minecraft:acacia_log":12},"minecraft:mined":{"minecraft:acacia_log":19},"minecraft:used":{"minecraft:wooden_axe":17,"minecraft:acacia_log":8,"minecraft:crafting_table":1},"minecraft:custom":{"minecraft:jump":42,"minecraft:time_since_rest":3247,"minecraft:leave_game":1,"minecraft:sprint_one_cm":4945,"minecraft:play_time":3247,"minecraft:time_since_death":3247,"minecraft:walk_one_cm":2305,"minecraft:total_world_time":3247,"minecraft:interact_with_crafting_table":1,"minecraft:fall_one_cm":1045,"minecraft:fly_one_cm":8969}},"DataVersion":3465}